V1,V2,V3
s.73.4.82.001,0,0.088
s.73.4.66.002,0,0.088
s.56.4.51.001,0,0.093
s.09.4.4.003,0,0.724
s.47.4.38.001,0,0.059
s.25.4.5.001,0,0.827
s.56.4.91.001,0,0.08
s.73.4.30.002,0,0.129
s.56.4.99.001,0,0.059
s.56.4.98.001,0,0.091
s.43.4.2.004,0,0.127
s.43.4.102.001,0,0.031
s.69.4.24.008,0,0.342
s.56.4.95.001,0,0.096
s.43.4.16.001,0,0.176
s.69.7.571.001,0,0.029
s.86.4.60.001,0,0.114
s.73.4.63.001,0,0.148
s.56.4.90.001,0,0.088
s.73.4.61.001,0,0.061
s.86.4.6.003,0,0.147
s.56.4.35.002,0,0.137
s.43.4.111.001,0,0.099
s.69.4.118.001,0,0.046
s.86.7.143.001,0,0.084
s.43.4.6.001,0,0.137
s.73.4.55.001,0,0.098
s.69.7.945.001,0,0.043
s.86.7.153.001,0,0.092
hen.176,0,0.075
s.04.4.47.002,0,0.093
s.47.4.39.001,0,0.021
s.04.4.93.001,0,0.016
s.47.4.4.002,0,0.236
s.73.4.57.001,0,0.094
s.43.4.103.001,0,0.098
s.73.4.59.001,1,0.076
035-031,0,0.115
s.73.7.186.003,0,0.148
025-021,0,0.087
s.73.7.197.002,0,0.138
s.69.4.117.001,0,0.101
s.73.4.62.001,0,0.096
s.04.4.94.001,0,0.025
s.73.4.56.001,0,0.057
hen.16,0,0.156
s.47.4.43.001,0,0.067
s.43.4.116.001,0,0.179
s.47.4.27.002,0,0.11
s.73.4.79.001,0,0.091
s.73.7.170.002,0,0.061
s.69.7.888.001,0,0.063
s.69.0.72.001,0,0.074
s.55.4.5.002,0,0.222
s.69.9.3091.001,0,0.018
016-030,0,0.065
s.56.4.67.004,0,0.204
hen.78,0,0.09
s.86.4.57.001,0,0.095
s.73.4.65.003,0,0.174
s.69.4.24.001,0,0.177
s.18.4.33.001,0,0.172
s.43.7.78.001,0,0.129
s.86.4.7.005,0,0.175
s.56.4.100.001,0,0.1
s.73.4.68.001,0,0.08
hen.90,1,0.164
s.86.4.5.005,0,0.107
s.18.7.115.001,0,1.201
s.73.4.80.001,0,0.036
s.43.4.9.001,0,0.115
s.73.4.53.001,0,0.166
s.73.4.9.001,0,0.111
s.18.4.11.002,0,0.153
s.73.4.64.001,0,0.111
s.04.4.29.001,0,0.083
s.18.7.110.001,0,0.106
s.73.4.65.002,0,0.139
s.56.4.80.002,1,0.159
s.43.4.9.005,0,0.112
s.73.4.9.007,0,0.114
s.56.4.35.008,0,0.133
s.56.4.46.001,0,0.104
s.47.4.25.001,0,0.103
s.69.4.30.001,0,0.108
s.49.7.285.001,0,0.025
s.69.4.124.001,0,0.111
s.73.4.66.001,0,0.135
s.43.4.4.002,0,0.096
s.69.9.3013.001,0,0.01
s.43.4.109.001,0,0.102
s.09.4.12.002,0,0.152
s.56.7.145.001,0,0.155
s.69.4.126.001,0,0.068
s.73.4.11.002,0,0.181
s.73.4.2.002,0,0.163
s.55.4.12.000,0,0.103
s.73.7.123.001,0,0.1
s.86.4.5.006,0,0.181
s.09.4.13.004,0,0.091
001-020,0,0.217
s.86.4.8.004,0,0.226
s.56.4.12.001,0,0.112
s.69.7.396.001,0,0.089
s.56.4.1.006,0,1.163
s.69.9.3066.001,0,0.197
hen.83,1,0.099
s.73.4.9.005,0,0.153
s.13.4.1.002,0,0.121
hen.56,0,0.132
s.69.7.496.001,0,0.022
034-061,0,0.097
025-020,1,0.099
s.56.4.8.001,0,0.173
s.69.7.999.001,0,0.046
s.73.7.157.003,0,0.109
026-031,0,0.1
033-070,0,0.115
s.04.4.30.002,0,0.092
s.55.4.10.001,0,0.315
s.69.4.8.001,0,0.066
s.69.7.789.001,0,0.033
s.18.4.1.004,0,0.13
s.73.4.58.001,0,0.095
024-030,0,0.036
s.69.7.651.001,0,0.157
s.04.4.92.001,0,0.053
s.43.4.25.001,0,0.079
s.56.4.1.007,0,0.174
s.18.4.30.001,0,0.104
s.73.4.17.004,0,0.105
s.56.4.96.001,0,0.094
s.04.4.47.001,0,0.12
s.73.7.186.001,1,0.119
s.04.4.90.001,0,0.091
s.69.4.25.008,0,0.122
s.09.4.1.007,0,0.193
s.73.4.18.002,0,0.144
017-040,0,0.117
s.04.4.36.002,0,0.076
s.73.4.8.002,1,0.181
s.73.4.10.001,0,0.112
s.73.4.2.004,0,0.111
s.86.4.16.002,0,0.155
s.56.4.17.001,0,0.101
s.69.4.96.001,0,0.291
s.69.9.3092.001,0,0.017
s.73.4.13.006,1,0.254
s.18.4.20.001,0,0.087
s.69.4.64.001,0,0.131
s.73.7.158.001,2,0.216
012-040,0,0.031
s.73.4.38.001,0,0.03
s.86.4.3.004,0,0.154
s.56.4.42.001,0,0.097
026-030,0,0.101
s.56.4.65.003,0,0.108
s.47.4.33.001,0,0.176
s.73.4.67.001,0,0.119
s.73.7.167.002,0,0.117
s.56.4.5.002,0,0.101
s.73.4.60.001,0,0.096
s.73.4.23.002,0,0.127
045-020,0,0.261
s.56.4.35.004,0,0.124
s.69.8.982.001,0,0.46
s.55.7.146.001,0,0.111
s.18.4.11.001,0,0.125
s.69.9.3033.001,0,0.043
s.56.7.122.001,0,0.07
s.43.4.107.001,0,0.071
s.69.7.483.001,0,0.018
s.73.4.17.006,1,0.165
s.69.4.112.001,0,0.163
013-020,0,0.105
s.43.7.92.001,0,0.093
s.56.4.24.001,0,0.056
s.09.4.26.002,0,0.122
s.69.7.961.001,0,0.14
s.56.4.83.001,0,0.103
s.86.4.2.004,0,0.088
s.86.4.30.0010,0,0.142
s.09.4.2.001,0,0.345
s.43.4.32.001,0,0.141
s.47.4.14.002,0,0.136
s.55.4.7.003,0,0.136
s.56.4.9.001,0,0.119
030-020,0,0.123
s.13.4.30.007,0,0.139
s.43.4.1.003,0,0.102
s.13.4.37.003,0,0.373
s.56.4.24.004,0,0.095
s.18.4.28.001,0,0.339
s.18.4.3.001,0,0.126
s.47.4.20.002,1,0.31
s.86.4.9.001,0,0.25
s.69.9.3393.001,0,0.031
s.73.7.112.001,0,0.101
s.49.4.28.001,0,0.24
029-023,0,0.115
s.69.7.755.006,0,0.088
hen.350,1,0.205
s.69.7.629.001,0,0.128
s.69.7.242.001,0,0.04
s.69.4.29.002,0,0.026
s.73.4.2.006,0,0.247
s.69.7.704.001,0,0.031
s.09.7.150.001,0,0.254
s.09.4.15.001,0,0.1
s.69.4.133.003,0,0.074
s.25.4.12.003,0,0.098
s.69.7.408.002,0,0.073
s.13.7.71.001,0,0.107
s.69.7.899.001,0,0.048
hen.665,0,0.266
s.13.4.21.002,0,0.141
s.69.4.36.001,1,1.051
s.73.4.17.002,0,0.213
s.69.7.414.001,0,0.06
013-071,0,0.045
s.56.4.67.001,0,0.13
s.69.4.23.003,0,0.133
s.56.4.4.003,0,0.159
s.73.4.54.001,0,0.184
s.18.7.116.001,0,0.113
s.09.7.115.001,0,0.192
s.49.4.26.002,1,0.156
s.69.7.950.001,0,0.16
s.55.7.142.002,0,0.078
s.73.7.122.001,1,0.204
hen.380,0,0.155
s.69.4.9.001,0,2.562
s.69.7.898.002,0,0.058
s.56.4.82.002,0,0.15
s.56.4.14.002,0,0.126
s.73.4.5.002,0,0.159
s.04.4.30.003,0,0.117
hen.369,0,0.222
s.55.4.34.003,0,0.237
s.69.7.241.001,0,0.045
s.73.7.157.002,0,0.091
s.86.7.113.002,0,0.268
s.55.4.18.001,0,0.153
s.56.4.84.002,0,0.117
s.09.4.61.003,1,0.132
s.25.7.53.002,1,0.184
s.73.7.163.002,0,0.031
s.73.7.181.001,0,0.334
s.49.7.259.001,0,0.086
s.56.4.19.001,0,0.094
s.09.4.73.001,0,0.64
s.04.4.22.004,0,0.161
s.73.7.125.001,0,0.063
s.86.7.123.003,1,0.207
s.55.4.36.002,2,0.212
s.73.4.13.004,0,0.103
s.13.4.9.004,0,0.11
s.18.7.123.001,0,0.078
s.55.4.36.001,1,0.224
s.43.4.1.005,0,0.305
s.69.7.898.004,0,0.089
s.49.4.24.002,0,0.189
s.86.4.39.0010,1,0.623
s.73.7.165.001,0,0.104
s.73.4.9.003,0,0.101
s.69.4.2.001,0,0.495
s.69.7.256.001,1,0.037
s.69.4.31.002,1,0.169
s.18.4.45.002,0,0.185
s.56.4.9.003,0,0.852
hen.674,0,0.167
s.73.4.44.001,0,0.613
045-060,0,0.143
s.86.4.6.0010,0,0.193
s.09.7.117.001,0,0.171
s.86.4.33.004,0,0.317
s.73.4.74.001,1,0.714
s.69.4.11.001,0,0.387
s.56.4.10.002,0,0.141
020-033,0,0.148
hen.669,0,0.28
s.73.4.5.003,0,0.305
038-020,0,0.161
s.56.4.50.002,0,0.104
s.55.4.16.002,0,0.145
s.69.7.415.001,0,0.049
hen.648,0,0.388
s.18.7.112.001,0,0.417
s.73.7.197.003,0,0.067
s.18.7.119.001,0,0.369
s.73.7.121.001,0,0.442
031-050,0,0.107
s.55.4.3.001,0,0.145
hen.644,0,0.219
s.69.7.259.002,0,0.057
s.55.4.10.003,0,0.125
s.18.4.4.001,0,1.312
s.04.4.5.003,0,0.248
s.09.4.1.002,0,0.137
s.86.7.123.002,0,0.182
s.73.4.1.003,1,2.804
s.43.7.63.001,0,0.06
s.69.4.61.001,0,0.667
013-070,0,0.084
s.69.9.3394.001,0,0.017
s.04.4.20.001,1,0.451
006-030,0,0.104
s.09.7.152.001,0,0.229
s.49.4.19.002,0,0.27
s.43.4.9.003,0,0.258
s.69.7.818.001,0,0.108
s.09.4.1.005,0,0.261
s.56.4.84.003,0,0.247
s.86.7.133.001,0,0.058
s.69.7.885.002,0,0.098
s.09.4.3.003,0,0.175
s.69.9.3109.001,0,0.038
s.09.4.1.006,0,0.256
s.86.4.22.001,0,0.182
s.69.7.359.002,0,0.013
s.09.4.1.004,0,0.181
s.69.7.898.001,0,0.058
s.69.4.113.001,0,0.068
s.86.4.19.004,1,0.361
s.73.4.13.001,0,0.076
s.69.4.103.001,0,0.49
s.69.4.33.001,1,0.354
046-040,0,0.218
s.69.7.697.001,0,0.159
s.73.4.83.001,0,0.274
s.69.7.761.001,0,0.02
s.56.4.31.002,0,0.41
s.69.9.3014.001,0,0.015
s.49.4.21.001,0,0.257
s.43.4.33.001,0,0.155
s.69.7.452.001,0,0.014
s.56.4.72.001,0,0.471
s.69.4.140.001,0,0.06
s.25.4.9.004,0,0.141
s.09.7.138.001,0,0.17
s.69.4.125.001,0,0.151
s.73.7.144.001,0,0.142
s.86.7.128.001,0,0.211
s.04.4.14.002,1,0.334
s.86.7.131.001,1,0.094
s.86.4.38.002,1,0.38
s.69.4.56.001,1,0.646
s.55.4.4.002,2,0.18
s.69.7.853.001,0,0.083
s.86.4.18.005,0,0.322
s.69.7.898.003,0,0.09
s.69.4.34.002,0,0.902
071-060,0,0.154
s.86.4.37.007,0,0.249
s.18.4.19.002,0,0.159
005-030,0,0.109
s.86.7.123.001,0,0.174
s.09.4.24.001,0,0.149
s.73.7.141.002,0,0.188
hen.84,0,0.09
s.56.4.56.001,0,0.145
s.69.9.9220.001,0,0.039
s.09.7.151.002,0,0.192
s.56.4.77.002,0,0.145
hen.689,2,0.307
s.69.4.19.001,0,0.164
hen.349,0,0.188
s.09.4.3.002,1,0.438
s.86.4.30.006,0,0.435
s.69.4.130.001,0,0.027
s.13.4.23.001,1,0.511
s.04.4.21.004,1,0.208
046-022,0,0.211
s.43.4.12.001,1,0.367
s.49.7.213.002,1,0.64
s.69.4.56.002,1,0.17
018-030,0,0.269
034-060,0,0.1
s.86.7.108.001,0,0.369
s.47.4.6.002,1,0.234
s.73.4.49.001,0,0.714
s.43.4.2.006,0,0.301
s.09.7.119.001,0,0.115
s.55.4.34.001,0,0.163
s.56.4.40.001,1,0.214
s.73.7.132.001,0,0.154
s.86.7.117.003,2,0.359
s.25.4.9.001,0,0.251
s.86.4.39.007,0,0.246
s.49.4.17.001,0,0.083
s.69.4.131.001,0,0.047
hen.667,0,0.25
s.73.4.2.007,1,0.328
s.73.4.133.001,2,0.532
s.49.7.212.001,0,0.05
s.86.4.30.008,0,0.306
s.73.7.195.001,0,0.253
s.86.4.33.002,1,0.385
014-080,0,0.112
s.69.7.223.001,0,0.147
s.04.7.515.001,0,0.225
s.73.4.136.001,0,0.48
s.86.7.109.001,1,0.213
s.69.4.123.001,0,0.121
s.09.7.107.003,0,0.057
s.13.4.37.002,2,0.801
s.69.7.897.001,0,0.114
s.56.4.35.011,0,0.244
s.18.4.29.001,0,0.281
s.69.4.60.001,0,0.127
s.56.4.49.001,0,0.125
s.73.4.85.001,0,0.22
s.56.4.38.003,0,0.043
hen.656,0,0.186
s.86.4.37.009,1,0.596
s.69.7.885.001,0,0.225
s.86.4.39.0011,0,0.351
s.04.4.35.001,0,0.117
s.73.7.154.001,0,0.493
s.43.4.25.003,0,0.313
s.86.4.37.0010,0,0.233
s.43.7.79.001,0,0.361
hen.253,2,0.49
s.69.7.364.001,0,0.012
s.73.4.2.005,1,1.176
s.04.4.46.001,0,0.219
s.73.4.136.002,0,0.249
hen.254,1,0.672
s.56.4.20.001,0,0.326
s.49.4.3.001,3,0.777
s.43.7.76.001,0,0.035
s.55.4.19.003,0,0.32
hen.237,0,0.375
s.86.7.113.003,0,0.33
s.69.7.668.002,0,0.008
s.86.7.135.001,0,0.247
s.56.4.4.002,1,1.183
s.43.7.87.001,0,0.079
s.86.7.104.001,0,0.079
s.49.7.257.001,1,0.057
046-060,0,0.215
s.18.7.107.001,0,0.185
s.86.4.32.002,0,0.465
101-030,0,0.152
s.73.4.8.003,2,1.027
s.73.4.54.003,0,0.105
s.86.4.2.005,0,0.298
s.56.4.11.003,0,0.218
010-021,0,0.155
s.69.4.12.002,0,0.156
s.86.4.37.001,1,0.209
s.49.4.30.001,0,0.183
s.18.4.3.004,2,0.228
s.73.7.197.004,0,0.179
s.18.4.37.001,0,0.314
s.49.7.251.001,0,0.136
s.69.4.13.001,4,1.072
s.69.7.890.001,0,0.168
s.69.4.108.004,0,0.088
s.69.4.4.007,0,1.251
s.18.7.127.001,1,0.314
s.86.7.116.001,0,0.16
s.18.4.14.001,0,0.378
s.18.7.143.001,0,0.091
s.09.7.118.001,0,0.043
s.86.4.30.001,0,0.113
s.73.4.47.001,0,0.479
s.25.4.31.001,0,0.222
s.73.7.127.001,0,0.156
s.86.4.31.002,0,0.262
s.55.4.13.001,0,0.353
s.55.4.11.001,3,0.499
s.04.4.43.002,0,0.022
s.86.7.110.001,0,0.33
hen.682,0,0.186
s.49.4.51.001,0,0.146
076-020,0,0.112
s.69.8.984.001,0,0.284
s.18.4.3.003,1,0.999
s.86.4.40.001,0,0.257
s.86.4.18.003,0,0.222
s.73.7.141.001,1,0.525
s.43.4.1.004,0,0.391
s.69.7.716.001,0,0.108
s.86.4.17.001,0,0.442
s.04.4.30.001,0,0.523
s.73.4.138.001,0,0.552
s.09.4.5.002,0,0.305
s.56.4.75.003,1,0.244
026-063,0,0.181
s.69.4.50.001,0,0.222
s.69.7.457.001,0,0.084
s.86.7.117.002,1,0.595
s.86.4.39.005,2,0.373
s.73.7.150.001,0,0.143
s.86.4.39.002,1,0.316
s.09.4.18.001,0,0.329
s.73.7.140.001,0,0.235
s.25.4.11.006,0,0.239
s.69.4.6.002,0,0.233
s.73.7.145.002,1,0.235
s.86.7.142.001,0,0.058
s.73.7.182.001,0,0.18
s.73.7.118.001,0,0.103
s.18.7.120.001,0,0.122
s.86.7.106.001,0,0.272
s.86.4.5.003,0,0.38
s.86.4.35.009,1,0.644
s.69.4.65.001,0,0.127
s.69.4.45.001,0,0.221
s.55.4.14.002,0,0.169
s.69.4.94.001,0,0.123
s.86.4.39.006,0,0.285
s.69.4.37.002,2,1.001
s.86.4.8.003,0,0.519
hen.657,2,0.506
hen.686,0,0.337
s.18.7.138.001,0,0.097
s.73.4.71.001,0,0.456
s.73.7.134.001,0,0.11
hen.248,2,0.493
s.13.4.12.002,0,0.357
s.49.7.236.001,0,0.418
hen.701,1,0.415
s.86.4.30.007,1,0.558
s.55.4.35.001,0,0.204
s.86.4.20.003,0,0.35
s.73.7.148.001,0,0.223
s.04.4.2.001,0,0.339
s.18.7.137.001,0,0.161
s.73.4.50.001,0,1.772
hen.645,0,0.152
s.86.7.107.003,0,0.285
s.47.4.6.001,0,0.291
hen.251,2,0.516
s.69.4.25.003,0,0.103
s.86.7.117.001,0,0.193
s.73.7.153.001,1,0.123
s.86.4.8.006,0,0.304
s.18.7.118.001,0,0.402
s.04.4.22.003,0,0.648
s.56.4.59.002,0,0.05
s.13.7.85.002,1,0.247
s.86.4.9.002,0,0.488
s.73.4.17.007,1,1.056
s.56.4.80.003,0,0.119
s.04.7.404.003,1,0.27
s.25.7.48.001,0,0.154
s.09.4.7.002,0,0.761
s.04.4.4.001,0,0.152
s.69.4.43.001,0,0.572
s.86.7.107.002,0,0.289
s.86.7.119.001,1,0.44
hen.241,0,0.468
s.43.4.6.002,0,0.253
s.86.4.12.005,0,0.475
s.86.7.141.001,0,0.237
s.86.4.30.002,0,0.332
s.09.4.2.002,1,0.548
s.69.9.3110.001,0,0.027
s.56.7.139.001,0,0.032
s.86.4.9.003,0,0.413
s.18.4.3.002,1,0.703
s.56.4.36.001,1,0.263
s.73.7.146.001,0,0.17
s.04.4.47.003,0,0.203
hen.354,0,0.201
s.86.4.35.003,1,0.398
s.73.7.166.001,0,0.361
s.18.4.25.001,1,0.445
s.47.4.27.003,2,0.302
s.73.7.198.001,0,0.093
s.69.7.657.001,0,0.15
s.86.7.120.001,0,0.218
s.73.7.173.001,0,0.268
s.73.7.197.001,0,0.199
s.56.4.31.001,1,0.471
s.69.4.8.004,0,0.04
s.86.4.10.001,0,0.283
s.86.4.5.004,1,0.43
s.73.4.7.001,3,5.622
s.86.7.100.001,0,0.542
s.04.4.39.004,0,0.231
s.13.7.77.002,0,0.336
s.69.7.694.004,0,0.024
s.43.7.81.002,0,0.101
s.73.4.9.006,0,0.799
s.86.4.37.002,0,0.84
045-010,0,0.26
s.43.4.2.003,0,0.954
s.13.4.10.001,2,1.022
s.86.4.38.001,1,0.228
s.86.4.75.001,0,0.202
s.18.7.103.001,0,0.435
s.13.7.57.001,0,0.355
s.86.4.3.006,0,0.373
s.69.4.46.001,0,0.123
s.04.4.22.006,0,0.054
s.86.4.39.003,0,0.347
s.86.7.106.003,0,0.526
s.69.7.955.002,0,0.085
035-040,0,0.237
s.49.7.258.001,0,0.682
s.55.4.12.001,1,0.369
s.56.4.14.003,0,0.275
s.43.4.4.001,0,0.128
hen.662,0,0.23
s.56.4.88.001,0,0.36
s.86.4.17.003,0,0.261
hen.256,0,0.432
s.73.7.151.001,0,0.194
s.69.4.63.001,1,0.295
s.86.4.6.007,0,0.393
s.47.4.4.003,0,0.429
s.25.4.12.005,0,0.129
s.69.4.76.001,0,0.089
s.73.7.150.002,0,0.29
s.86.4.37.005,2,0.578
s.69.4.38.001,0,0.028
s.86.4.30.004,0,0.315
s.73.7.146.002,0,0.388
s.73.4.46.001,0,0.263
s.56.7.130.001,0,0.094
s.25.7.168.001,0,0.228
s.09.7.101.001,0,0.078
s.86.7.109.002,0,0.338
s.73.7.143.001,0,0.17
s.69.7.443.002,0,0.032
s.86.4.7.007,0,0.881
s.18.4.3.005,0,0.278
s.43.4.20.001,0,0.107
014-072,0,0.13
s.69.7.874.001,0,0.122
s.86.4.4.001,1,0.322
035-020,0,0.253
s.73.7.160.001,0,0.41
hen.234,0,0.365
hen.691,0,0.366
s.86.4.12.002,0,0.571
s.69.4.43.002,0,0.275
s.25.7.45.001,0,0.031
s.55.4.34.002,1,0.188
s.73.7.183.002,0,0.059
s.73.4.10.003,0,0.66
s.86.4.34.001,1,0.474
s.73.4.13.003,0,0.469
s.69.4.20.002,0,0.109
s.86.7.132.001,0,0.101
s.69.4.98.001,0,0.638
s.69.7.655.001,0,0.033
s.69.4.48.005,1,0.567
s.69.4.48.004,1,0.918
s.86.4.37.003,0,0.361
s.86.4.35.007,3,0.229
s.56.4.45.002,0,0.123
s.73.7.147.001,0,0.173
030-050,0,0.087
s.69.4.48.003,0,0.126
s.18.4.39.001,0,0.512
s.86.4.6.002,0,0.279
s.56.4.1.003,0,0.49
s.09.4.15.002,0,0.254
s.13.7.81.002,0,0.043
s.86.4.20.004,0,0.269
s.69.4.40.001,0,0.073
s.86.4.33.001,0,0.324
s.73.4.51.001,1,0.491
s.69.7.896.001,0,0.111
s.86.7.124.001,0,0.124
s.56.4.73.002,0,0.169
s.55.4.2.002,3,0.764
s.43.4.3.003,1,0.344
s.04.4.59.001,0,0.268
s.86.7.106.002,0,0.164
s.69.4.47.003,0,0.477
s.09.4.1.008,2,0.276
s.13.4.9.002,1,0.831
006-011,0,0.111
s.04.4.22.002,1,0.504
s.43.4.7.004,0,0.239
s.47.4.9.001,1,0.697
s.43.4.4.004,1,0.455
s.73.7.155.001,1,0.425
s.73.7.177.002,0,0.098
s.47.4.18.003,0,0.704
hen.675,1,0.353
s.18.4.5.001,0,0.241
s.09.4.26.001,1,0.341
s.86.4.37.006,1,0.608
s.69.4.15.001,1,0.784
s.73.7.126.001,0,0.067
s.86.4.3.002,0,0.373
hen.370,1,0.242
s.73.7.139.001,0,0.189
s.56.4.4.004,0,0.464
s.73.4.5.001,0,0.275
s.55.4.14.003,0,0.393
s.86.7.112.001,0,0.071
s.04.4.5.002,0,0.19
s.04.4.21.003,1,0.509
s.69.7.692.002,0,0.124
s.69.7.443.001,0,0.036
s.86.4.7.003,0,0.292
s.13.7.82.001,0,0.128
hen.249,2,0.419
s.49.7.214.001,0,0.302
hen.647,1,0.234
s.73.4.24.001,0,0.196
s.13.4.1.001,1,0.373
s.69.7.636.001,0,0.036
hen.653,0,0.215
s.56.4.74.001,0,0.199
s.73.7.184.001,1,0.23
s.56.4.41.002,2,0.327
s.73.4.52.001,0,0.273
s.18.4.16.002,0,0.52
hen.244,1,0.587
s.73.7.111.001,0,0.282
s.73.4.28.001,0,0.111
046-050,0,0.31
s.04.4.8.003,1,0.457
084-010,0,0.128
s.73.4.21.001,1,0.448
s.73.7.185.001,0,0.297
s.49.7.231.001,0,0.101
s.13.4.23.002,0,0.404
s.56.4.4.001,3,0.395
s.69.4.43.003,1,1.261
s.86.4.7.004,0,0.358
s.49.4.26.004,2,0.669
s.25.4.4.001,1,0.643
s.73.7.131.001,0,0.198
s.69.9.8217.001,0,0.064
s.69.4.35.001,0,0.091
s.56.4.60.001,0,0.266
s.86.7.129.001,0,0.209
s.55.4.18.002,1,0.245
hen.250,2,0.385
s.69.4.137.001,0,0.166
s.73.4.44.002,2,2.022
s.86.4.8.007,1,0.47
s.04.4.14.001,0,0.509
s.47.4.2.001,1,0.645
s.73.7.149.001,0,0.125
s.69.4.7.001,2,0.7
s.49.7.242.001,0,0.104
hen.247,0,0.569
s.86.4.36.001,0,0.313
s.04.4.9.001,0,0.481
s.25.4.2.002,0,0.115
s.86.4.13.001,1,0.471
s.73.4.4.001,0,1.115
s.69.7.1014.001,1,0.123
s.49.7.256.001,0,0.415
s.86.4.35.004,0,0.281
s.43.4.2.005,0,0.333
s.13.4.25.001,2,0.57
s.25.7.50.002,0,0.079
s.13.4.12.001,1,0.423
s.09.4.13.003,0,0.172
s.18.4.13.001,0,0.429
s.69.7.266.002,0,0.024
s.73.4.41.001,0,0.781
s.69.7.258.001,0,0.142
s.56.4.74.002,0,0.246
s.04.4.23.007,0,0.049
s.73.7.113.001,0,0.048
s.56.4.55.002,0,0.155
s.69.7.440.001,0,0.035
005-020,0,0.078
s.43.7.55.001,0,0.059
s.56.4.35.007,1,0.736
s.56.4.15.003,0,0.307
s.73.4.3.002,0,0.282
s.56.7.115.001,0,0.109
s.73.7.165.002,0,0.277
011-010,0,0.09
s.73.7.145.001,0,0.286
s.47.4.36.001,0,0.062
s.86.4.44.001,0,0.294
s.43.4.11.001,0,0.282
s.73.4.42.001,0,0.238
s.69.4.136.001,0,0.079
s.47.4.14.001,3,0.689
s.56.4.8.002,1,0.562
s.04.4.8.002,2,0.539
005-010,0,0.125
s.69.4.42.001,0,0.599
s.86.4.526.003,0,0.347
s.09.7.116.001,0,0.055
017-070,0,0.201
s.86.4.37.004,0,0.307
022-060,1,0.276
s.56.4.35.009,0,0.202
s.13.4.15.001,0,0.263
s.47.4.11.003,0,0.21
s.86.4.42.001,1,0.136
s.69.4.4.002,2,0.575
029-010,0,0.264
s.25.4.16.001,0,0.476
s.56.4.83.002,0,0.434
s.86.7.125.001,0,0.245
s.86.4.3.005,0,0.393
s.49.7.230.001,0,0.082
s.69.7.894.001,0,0.133
s.56.7.120.001,0,0.2
s.86.4.7.002,0,0.519
s.43.4.115.002,0,0.354
s.73.7.162.001,0,0.09
s.49.4.13.001,2,0.459
s.43.4.31.001,1,0.132
s.13.4.9.003,1,0.581
s.55.4.14.001,0,0.448
s.49.7.255.001,0,0.056
s.49.4.1.004,0,0.179
s.43.4.4.003,1,0.342
s.47.4.24.001,0,0.105
s.18.4.18.002,0,0.414
s.73.4.9.008,0,0.484
s.86.4.8.001,1,0.49
s.55.4.7.001,0,0.102
s.56.4.53.001,0,0.329
s.04.4.57.002,0,0.14
s.86.4.75.002,1,0.311
s.69.7.692.001,0,0.311
s.86.4.31.001,0,0.361
s.55.4.2.001,1,0.141
s.73.7.187.001,0,0.088
s.47.4.3.001,2,0.257
s.73.4.6.001,0,0.406
s.69.4.97.001,0,0.256
s.73.7.199.001,0,0.059
s.86.4.30.005,1,0.442
s.86.4.8.002,0,0.562
s.56.4.3.001,0,0.575
s.55.4.6.001,0,0.401
s.86.7.101.001,1,0.308
s.73.7.167.001,0,0.434
s.86.4.36.002,0,0.254
s.49.7.267.001,0,0.084
s.73.7.123.002,0,0.216
s.69.4.88.001,0,0.596
s.73.4.12.001,4,3.495
s.86.4.21.001,0,0.043
s.86.7.105.001,0,0.232
s.18.4.11.003,0,0.168
013-040,0,0.174
s.73.4.69.001,0,0.134
s.04.4.15.003,0,0.591
s.69.4.58.001,0,0.274
009-030,0,0.071
s.13.4.18.001,0,0.425
s.73.4.9.002,1,0.408
017-062,0,0.247
s.18.4.20.002,0,0.122
s.73.7.152.001,0,0.111
s.49.4.12.003,0,0.277
s.04.4.29.003,1,0.116
s.09.4.4.004,1,1.003
s.13.4.2.001,0,0.39
034-070,0,0.149
s.69.7.884.001,0,0.086
s.18.4.19.001,0,0.245
s.18.4.59.001,0,0.197
s.73.4.40.001,0,0.3
s.04.4.29.002,0,0.092
s.73.4.9.004,0,1.226
s.47.4.15.001,0,0.386
s.04.7.407.002,0,0.069
091-020,0,0.093
s.56.4.77.001,0,0.106
s.69.4.92.002,0,0.169
s.73.7.186.002,1,0.57
s.69.4.102.001,0,0.653
s.86.7.136.001,0,0.336
s.86.4.20.002,0,0.291
s.13.7.70.002,0,0.124
s.04.4.25.001,0,0.166
s.86.4.14.002,0,0.323
s.49.7.277.001,0,0.039
s.55.4.8.002,0,0.281
s.86.4.6.006,0,0.403
s.69.4.73.001,0,0.175
s.86.4.7.006,0,0.38
s.56.4.43.001,0,0.197
s.25.4.24.001,1,0.586
s.55.4.5.004,1,0.07
s.43.4.9.004,0,0.488
s.73.4.34.001,0,0.655
s.43.7.72.001,0,0.073
s.86.4.5.001,0,0.456
s.69.7.269.001,0,0.27
s.56.4.27.002,1,0.379
s.25.4.30.002,0,0.08
s.73.7.137.002,0,0.186
025-023,0,0.336
s.55.7.134.001,0,0.314
s.09.7.128.001,0,0.061
s.73.4.35.001,2,0.286
hen.239,0,0.432
s.18.7.131.001,0,0.255
s.43.4.8.002,0,0.224
s.86.7.113.001,0,0.112
s.25.7.58.001,0,0.055
012-060,0,0.078
s.47.4.34.002,0,0.947
s.56.4.86.001,0,0.125
s.56.4.87.001,1,0.145
hen.671,0,0.183
s.56.4.51.002,0,0.113
002-020,0,0.04
035-011,1,0.224
s.04.4.31.001,0,0.054
s.18.7.109.001,0,0.383
s.73.4.17.005,2,0.849
s.49.4.24.003,0,0.219
s.47.4.1.001,0,0.348
s.49.4.24.001,0,0.287
s.47.4.18.002,1,0.356
s.73.7.176.001,0,0.062
013-012,0,0.325
013-010,1,0.256
s.04.7.401.001,1,0.189
s.69.4.7.006,1,0.54
014-030,0,0.157
001-012,0,0.118
022-054,0,0.253
s.25.7.47.001,0,0.046
s.56.4.60.002,0,0.14
s.73.4.17.003,0,1.055
hen.694,0,0.222
s.69.4.97.003,0,0.122
s.43.7.77.001,0,0.038
s.86.4.4.002,0,0.296
s.73.4.33.001,0,0.38
s.86.4.6.001,1,0.332
s.73.7.175.001,0,0.219
s.86.4.8.005,0,0.266
s.13.4.20.002,1,0.787
s.86.4.35.002,1,0.343
s.69.7.697.002,0,0.134
026-011,0,0.202
s.55.4.19.001,0,0.267
s.47.4.19.002,0,0.244
s.09.4.8.003,0,0.028
s.56.4.22.001,1,0.39
s.73.7.193.001,0,0.042
s.47.4.5.002,0,0.05
031-060,0,0.207
s.86.4.35.001,1,0.685
030-040,0,0.272
s.56.4.35.010,0,0.57
s.04.4.27.003,0,0.14
s.86.4.16.001,0,0.26
s.73.4.29.001,0,0.237
s.04.4.12.003,0,0.354
hen.382,0,0.201
s.25.4.9.002,0,0.664
s.25.4.11.002,1,0.248
s.25.4.8.002,0,0.336
s.25.4.10.003,0,0.392
s.43.4.26.001,0,0.115
s.09.7.149.001,0,0.025
s.86.4.39.004,1,0.344
s.18.4.16.001,0,0.526
025-060,0,0.194
s.09.7.110.001,0,0.105
s.56.4.44.001,0,0.174
s.13.7.91.001,0,0.251
s.56.4.49.002,0,0.254
s.13.4.11.001,2,0.47
s.56.4.9.002,1,0.397
030-030,0,0.173
s.73.7.156.001,0,0.121
s.69.7.694.002,0,0.065
s.25.7.56.001,0,0.097
s.56.4.64.001,0,0.122
s.49.4.26.003,1,0.531
s.18.4.8.002,2,0.76
s.09.7.103.002,0,0.108
047-010,0,0.112
s.56.7.142.001,0,0.097
s.73.4.48.001,0,0.402
s.13.4.7.001,2,0.71
s.69.4.4.008,0,0.236
s.56.4.67.005,0,0.521
s.73.4.13.007,0,0.486
013-050,0,0.233
s.73.4.13.005,0,0.362
s.69.4.100.001,1,0.953
s.47.4.25.002,0,0.136
s.49.7.261.001,0,0.192
s.56.7.136.001,0,0.055
s.43.4.7.003,0,0.553
s.43.4.24.001,0,0.075
s.09.4.61.002,1,0.332
s.73.7.191.001,0,0.096
s.18.7.121.001,0,0.078
s.73.4.23.001,0,0.551
s.43.4.17.002,0,0.114
s.73.4.45.001,0,0.488
s.73.4.11.001,1,0.455
s.55.4.15.001,1,0.317
s.56.4.41.001,0,0.396
s.49.4.1.001,0,0.211
046-021,1,0.313
s.43.4.2.001,0,0.29
s.56.7.148.001,0,0.046
s.56.4.68.001,0,0.058
026-050,0,0.397
s.86.4.32.001,0,0.26
s.73.7.142.001,1,0.243
s.86.4.2.001,0,0.271
s.56.7.125.001,0,0.256
s.09.4.1.001,0,0.36
s.86.4.33.003,0,0.262
s.73.4.14.002,0,0.155
s.25.4.9.005,2,0.74
s.18.4.8.001,0,0.37
s.86.4.2.002,1,0.274
s.25.4.1.002,3,2.16
s.69.4.47.002,0,0.339
s.86.4.11.001,0,0.345
s.73.7.163.001,0,0.206
045-030,0,0.296
s.18.4.17.001,0,0.218
s.73.4.2.003,1,0.642
hen.236,0,0.39
s.73.4.16.001,0,0.23
s.86.4.5.007,0,0.224
s.49.7.225.001,0,0.165
s.13.4.36.001,0,0.304
s.18.7.114.001,0,0.083
s.56.4.8.003,0,0.31
s.49.7.229.001,0,0.061
s.55.4.16.001,0,0.352
s.56.4.89.002,0,0.078
s.56.4.75.002,0,0.412
s.25.4.9.003,1,0.72
s.49.7.240.001,0,0.147
s.47.4.27.001,0,0.249
s.55.4.3.004,2,0.588
hen.668,0,0.218
s.56.7.134.001,0,0.061
s.47.4.22.002,0,0.108
s.73.4.43.001,0,0.441
hen.698,1,0.195
s.49.4.12.001,1,0.558
s.49.7.237.001,1,0.107
s.55.4.3.003,0,0.266
s.09.4.10.001,0,0.321
s.56.4.50.003,0,0.223
s.04.4.48.001,0,0.065
020-040,0,0.27
045-050,0,0.268
s.69.4.7.002,0,0.148
s.73.4.3.001,1,1.306
s.56.4.22.002,0,0.204
095-010,0,0.058
034-071,1,0.127
s.69.4.20.001,0,0.519
s.86.4.35.008,0,0.247
s.69.4.95.001,0,0.116
s.56.4.6.001,0,0.166
s.55.4.2.004,0,0.167
s.18.4.21.001,0,0.512
s.18.4.10.001,0,0.152
s.49.7.239.001,0,0.093
s.04.4.7.001,4,0.509
s.73.4.18.003,0,0.885
s.56.4.24.005,0,0.32
s.55.4.25.002,1,0.418
s.49.7.228.001,0,0.231
008-020,1,0.208
s.47.4.25.003,0,0.059
s.25.4.6.002,2,1.547
s.04.4.27.001,0,0.254
s.13.4.9.005,0,0.129
s.18.7.124.001,0,0.204
s.69.4.77.001,0,0.848
s.18.4.23.002,0,0.41
s.49.4.26.001,1,0.373
001-021,0,0.319
s.43.7.73.001,0,0.082
s.69.4.26.001,0,0.411
s.73.7.176.002,0,0.193
s.18.4.8.003,1,0.63
s.43.4.1.002,1,0.43
s.55.4.16.003,0,0.181
s.86.4.39.001,0,0.289
s.55.4.5.001,2,0.315
s.47.4.4.001,0,0.257
s.43.4.5.002,0,0.632
s.49.7.206.001,0,0.092
s.55.4.27.001,0,0.254
010-031,0,0.134
026-060,0,0.2
s.13.4.17.001,1,0.274
s.18.4.1.005,2,0.368
s.49.7.280.001,0,0.048
s.69.4.66.002,0,0.084
s.43.4.115.001,0,0.405
s.47.4.16.001,0,0.178
s.13.7.86.001,0,0.273
s.56.4.14.001,0,0.475
013-011,0,0.21
s.43.4.7.002,1,0.348
s.73.7.161.001,0,0.067
s.55.4.21.001,1,0.364
025-050,0,0.098
s.56.4.5.003,0,0.338
s.56.4.23.001,0,0.089
s.73.4.31.001,0,0.166
s.18.4.15.001,1,0.417
s.56.7.146.001,0,0.05
s.73.4.10.002,1,1.293
s.55.4.20.001,0,0.366
s.56.4.67.003,1,0.483
009-020,0,0.141
s.73.4.11.003,0,0.2
s.49.4.14.001,2,0.319
s.04.4.36.004,0,0.086
s.56.7.116.001,0,0.236
s.73.7.183.001,0,0.113
s.49.7.276.001,0,0.106
s.56.7.124.001,0,0.093
s.43.7.85.001,0,0.15
s.49.7.222.001,0,0.114
s.13.4.14.002,4,0.546
s.43.4.1.001,0,0.458
035-010,0,0.199
hen.233,1,0.409
s.69.7.955.001,0,0.034
s.56.4.6.002,0,0.288
s.43.7.60.001,0,0.116
s.25.4.12.004,0,0.457
s.56.4.76.002,0,0.11
s.18.7.142.001,0,0.259
s.56.4.75.001,0,0.085
020-045,0,0.232
s.86.4.1.001,1,0.147
s.56.4.56.002,0,0.228
s.56.4.73.001,0,0.104
s.18.4.1.003,0,0.418
019-040,0,0.166
s.73.7.174.001,0,0.111
s.09.7.140.001,0,0.248
s.56.4.82.003,0,0.388
s.49.7.235.001,1,0.069
s.73.7.164.001,0,0.245
s.56.4.54.001,0,0.491
s.25.4.7.002,0,0.129
s.09.7.134.004,0,0.035
s.49.4.8.001,2,0.879
s.56.4.3.002,0,0.465
019-060,0,0.069
s.56.7.132.001,0,0.055
s.56.4.67.007,0,0.273
s.86.4.5.002,0,0.362
hen.652,2,0.342
s.47.4.28.002,1,0.185
s.55.4.33.001,0,0.147
s.56.4.35.006,0,0.485
hen.700,0,0.205
s.43.4.9.002,0,0.441
s.56.7.123.001,0,0.068
s.04.4.31.002,0,0.173
s.56.4.67.006,0,0.178
034-050,1,0.355
s.25.4.7.004,0,0.085
s.56.7.135.001,0,0.125
s.73.4.25.001,0,0.066
hen.306,0,0.327
s.69.7.889.001,0,0.202
s.56.4.33.001,0,0.164
026-020,1,0.345
s.73.4.14.001,0,0.228
s.49.7.278.001,0,0.119
s.47.4.25.004,0,0.067
s.04.4.15.005,0,0.277
s.25.4.7.001,2,0.423
s.69.4.21.002,1,0.88
s.73.4.37.001,1,0.157
s.55.4.14.004,0,0.301
s.04.7.305.002,0,0.119
s.49.4.41.001,0,0.154
hen.363,2,0.227
s.69.4.24.002,0,0.577
s.47.4.26.001,0,0.17
s.49.7.275.001,0,0.055
s.25.4.8.001,0,0.177
s.49.4.52.001,1,0.597
s.43.4.7.006,1,0.396
016-010,0,0.093
017-020,0,0.262
s.69.4.7.007,1,0.41
s.73.4.2.001,1,0.578
012-050,0,0.07
s.73.7.168.001,0,0.413
s.73.7.192.001,0,0.107
s.25.4.11.003,1,0.533
029-031,0,0.192
s.49.7.254.001,0,0.177
s.13.7.67.002,0,0.085
s.56.4.17.002,1,0.436
s.56.4.35.001,0,0.352
s.49.7.281.001,0,0.089
hen.673,0,0.168
s.18.4.45.001,1,0.717
s.18.7.133.002,0,0.159
s.69.7.708.001,0,0.082
s.18.7.130.001,0,0.072
s.47.4.3.002,0,0.155
s.56.4.16.002,1,0.397
s.04.4.16.001,0,0.21
012-010,0,0.125
013-080,0,0.152
s.25.7.51.001,0,0.164
s.86.7.111.001,0,0.203
s.56.7.131.001,0,0.046
s.69.4.101.001,0,0.404
s.49.7.265.001,0,0.081
s.49.4.53.001,0,0.327
s.49.4.6.001,1,0.215
s.73.4.30.001,1,0.226
s.09.7.104.002,0,0.081
s.49.4.36.001,0,0.168
049-010,0,0.051
s.56.4.69.001,0,0.088
s.18.7.136.001,0,0.252
s.69.4.16.005,0,0.846
s.25.7.50.001,0,0.062
s.86.7.111.002,0,0.202
s.25.4.10.001,1,0.511
s.56.4.65.002,0,0.241
s.56.4.45.001,0,0.073
s.49.7.262.001,0,0.099
s.73.4.14.003,0,0.225
s.73.7.190.001,0,0.063
s.49.7.274.001,0,0.092
s.09.4.3.001,0,0.105
hen.672,1,0.164
s.56.4.19.004,0,0.193
071-050,0,0.055
s.25.4.2.001,2,0.975
s.55.4.10.002,0,0.379
s.18.4.24.001,1,0.214
s.49.4.35.001,1,0.53
s.25.7.40.001,0,0.033
s.73.7.170.001,0,0.138
s.49.4.21.002,0,1.006
s.56.4.10.003,0,0.419
s.56.4.29.001,0,0.282
s.49.7.234.002,0,0.065
s.43.4.10.001,0,0.349
s.56.4.85.001,0,0.204
s.47.4.30.002,0,0.168
s.56.4.40.002,0,0.292
031-020,0,0.149
s.55.4.32.001,0,0.074
s.73.7.129.001,1,0.072
s.56.7.119.001,0,0.126
s.43.7.66.001,1,0.144
s.55.4.12.002,1,0.311
s.49.4.37.001,1,0.248
s.56.4.1.004,1,0.39
s.04.4.36.003,0,0.105
s.56.4.67.002,0,0.213
s.04.7.407.001,1,0.104
076-030,0,0.115
s.13.7.64.001,0,0.209
s.43.7.56.001,1,0.293
s.56.4.27.003,1,0.622
s.56.4.1.005,0,0.73
s.13.7.71.002,0,0.096
s.56.7.112.001,0,0.068
s.47.4.21.001,0,0.263
s.69.7.676.001,0,0.132
s.18.4.11.004,2,0.408
s.56.4.50.001,0,0.19
s.43.4.15.002,0,0.545
035-050,0,0.369
s.04.4.23.001,0,0.329
s.86.4.6.008,0,0.288
s.56.4.40.003,1,0.287
s.56.4.53.002,0,0.267
s.56.4.34.001,0,0.533
s.49.4.22.001,0,0.214
s.69.4.5.002,0,0.235
s.47.4.28.001,1,0.19
s.47.4.16.002,0,0.143
s.56.4.82.004,0,0.282
s.69.4.52.002,0,0.519
s.09.4.12.003,0,0.202
s.56.4.38.001,2,0.169
s.56.4.30.002,0,0.109
s.09.4.61.001,0,0.277
001-010,0,0.094
s.73.4.32.001,2,0.811
s.69.4.16.004,0,0.366
s.43.4.5.001,0,0.154
s.56.4.66.001,0,0.065
s.49.7.209.001,0,0.065
s.69.4.115.001,1,0.641
s.49.7.248.001,0,0.064
s.49.4.28.002,1,0.302
s.56.7.117.001,0,0.091
s.47.4.1.002,0,0.498
046-020,0,0.368
s.25.4.30.001,2,0.344
s.25.4.14.001,0,0.494
s.47.4.29.001,0,0.057
s.49.4.27.002,0,0.157
s.49.7.233.001,0,0.045
s.56.4.1.001,0,0.653
s.55.4.10.004,2,0.611
s.69.7.656.001,0,0.052
s.56.4.65.001,0,0.168
s.18.4.2.004,0,0.427
s.86.4.14.001,0,0.261
s.56.4.30.001,0,0.052
030-051,0,0.091
025-030,0,0.226
s.56.4.14.004,0,0.464
s.25.4.1.001,3,0.681
s.49.7.282.001,0,0.043
s.25.4.8.003,0,0.256
s.43.4.12.002,0,0.328
002-010,0,0.066
s.04.4.32.002,0,0.343
s.73.4.22.001,0,0.208
s.18.7.122.001,0,0.091
s.56.7.111.002,0,0.306
s.56.4.51.003,2,0.424
s.56.4.75.004,0,0.621
s.56.7.113.001,0,0.063
s.18.4.12.001,1,0.438
s.56.4.70.001,0,0.071
045-080,0,0.33
s.56.4.61.001,0,0.124
s.55.4.23.001,0,0.172
s.43.4.14.001,0,0.281
s.56.4.81.001,1,0.094
s.69.4.106.002,0,0.067
hen.375,0,0.127
020-050,0,0.187
s.04.4.20.002,0,0.359
s.56.4.18.001,0,0.546
s.49.4.1.003,0,0.18
s.56.4.52.002,0,0.259
s.43.4.25.002,0,0.378
s.49.4.32.001,0,0.138
s.43.4.22.001,0,0.147
s.47.4.23.001,0,0.106
020-070,0,0.094
s.56.4.57.001,0,0.1
s.55.4.29.001,0,0.07
s.69.4.68.001,0,0.104
s.18.4.31.001,0,0.339
s.09.7.120.001,0,0.046
s.13.4.30.008,1,0.442
s.49.7.238.001,0,0.059
s.69.4.84.001,1,0.253
s.49.4.38.001,1,0.081
030-010,0,0.168
s.49.4.5.001,0,0.205
s.09.4.13.002,0,0.032
s.69.7.741.001,0,0.039
s.69.4.25.002,0,0.365
004-050,0,0.215
s.47.4.35.001,0,0.091
s.73.7.130.001,0,0.183
s.55.4.19.002,0,0.099
s.56.4.75.005,0,0.169
s.13.4.30.006,0,0.347
s.49.7.273.001,0,0.041
014-040,0,0.124
s.69.7.675.001,0,0.054
s.56.4.55.001,0,0.171
s.56.4.47.002,0,0.176
s.47.4.31.001,1,0.124
s.49.7.221.002,0,0.063
s.09.4.5.003,2,0.419
020-041,1,0.243
s.18.7.102.001,0,0.222
010-040,0,0.096
s.04.4.22.005,0,0.284
s.69.4.122.001,1,0.422
s.43.4.3.001,0,0.414
035-060,0,0.182
003-010,0,0.048
s.43.4.18.001,1,0.375
s.56.4.21.003,0,0.11
s.09.7.114.003,0,0.035
s.69.4.65.004,0,0.175
s.56.4.58.001,0,0.127
046-010,0,0.244
s.73.7.159.001,0,0.313
s.13.7.56.001,0,0.077
s.04.4.19.002,2,0.278
s.04.4.36.001,0,0.338
s.56.4.79.001,0,0.068
s.13.4.26.001,0,0.286
s.73.4.36.001,0,0.174
s.56.4.25.001,0,0.209
s.73.4.65.004,0,0.265
s.56.4.63.001,0,0.08
s.56.4.13.001,0,0.297
s.18.7.117.002,0,0.283
s.69.4.4.006,2,0.535
s.69.4.23.002,0,0.479
s.09.7.123.002,0,0.064
s.56.4.12.002,0,0.48
s.49.7.253.001,0,0.156
s.69.4.25.001,1,0.145
s.04.4.23.002,0,0.225
s.73.4.19.002,0,0.17
s.69.4.110.003,1,0.292
s.73.4.30.003,0,0.29
013-060,1,0.237
s.49.4.1.005,0,0.339
s.55.4.9.001,0,0.106
s.69.4.5.007,1,0.557
s.25.7.53.001,0,0.234
s.56.4.62.001,1,0.128
s.49.7.221.001,0,0.066
s.69.7.525.001,0,0.119
s.25.4.11.001,0,0.056
s.18.4.2.003,1,0.499
s.13.4.21.003,0,0.105
s.86.4.3.001,0,0.26
025-010,1,0.254
008-010,0,0.097
s.56.4.37.001,0,0.117
s.49.4.46.001,0,0.568
s.49.4.34.001,0,0.522
s.56.4.21.002,0,0.095
s.56.7.138.001,0,0.056
s.69.4.16.001,0,0.097
s.09.7.141.001,0,0.031
s.49.4.49.001,0,0.138
004-010,0,0.137
s.56.4.24.003,0,0.227
s.25.4.12.001,0,0.284
s.56.4.10.001,1,0.208
s.13.4.19.003,3,0.408
s.55.7.112.001,0,0.285
s.56.4.19.002,0,0.209
s.73.4.54.002,1,0.339
s.43.4.8.001,0,0.294
s.49.4.51.002,1,0.201
s.56.7.110.001,0,0.059
s.69.4.41.001,0,0.104
s.56.4.21.004,0,0.105
s.13.4.5.001,0,0.166
046-080,0,0.424
s.09.4.22.002,0,0.076
s.69.7.405.001,0,0.06
s.56.4.71.001,0,0.091
s.04.4.32.004,0,0.237
s.73.4.19.001,0,0.158
s.18.4.1.001,0,0.688
s.49.4.33.001,0,0.451
s.04.4.5.004,0,0.355
s.09.7.157.001,0,0.098
s.04.4.33.001,0,0.373
s.25.4.11.005,1,0.341
s.18.7.133.001,0,0.127
017-060,0,0.235
017-061,0,0.275
020-060,0,0.103
s.49.7.205.001,0,0.056
s.49.7.226.001,0,0.053
s.49.4.1.002,0,0.117
s.56.4.48.001,0,0.061
s.49.4.15.001,0,0.292
s.86.7.107.001,0,0.15
s.73.4.13.002,2,0.27
s.09.4.51.001,0,0.045
s.69.7.696.002,0,0.065
s.09.4.6.002,1,0.074
s.47.4.32.001,0,0.069
s.18.7.113.001,0,0.08
s.13.7.72.001,0,0.183
s.49.7.227.001,0,0.096
029-020,0,0.145
s.69.4.133.001,0,0.061
s.18.4.27.001,0,0.037
s.25.4.21.002,1,0.324
060-010,0,0.094
s.69.4.24.005,0,0.449
s.56.4.46.002,0,0.397
s.69.4.99.001,1,0.149
006-020,0,0.1
s.49.4.4.001,0,0.129
s.25.4.7.003,2,0.15
s.56.4.28.002,0,0.111
s.18.7.111.001,1,0.118
006-010,1,0.158
s.56.7.128.001,0,0.085
s.56.4.5.001,0,0.291
s.09.7.102.002,0,0.036
s.04.4.32.003,0,0.186
s.49.7.219.001,0,0.063
051-050,0,0.08
s.56.7.143.001,0,0.051
s.56.4.24.006,0,0.211
s.69.7.776.001,0,0.065
s.55.4.4.001,1,0.411
s.25.4.29.001,0,0.137
s.56.7.136.002,0,0.048
s.56.4.35.003,0,0.388
s.69.4.44.003,0,0.231
013-081,0,0.093
s.47.4.23.002,0,0.243
s.47.4.20.001,0,0.184
s.73.7.157.001,0,0.279
001-031,0,0.216
s.56.4.39.001,0,0.093
s.56.4.59.003,0,0.203
s.04.4.30.004,1,0.377
s.56.4.47.001,0,0.127
s.18.7.104.001,0,0.041
s.56.4.52.001,0,0.383
s.09.7.139.001,0,0.087
s.69.9.3170.001,0,0.274
s.55.4.17.001,0,0.101
s.56.7.126.001,0,0.055
s.47.4.17.001,0,0.177
s.73.4.39.001,1,0.227
s.69.4.51.002,0,0.055
s.56.4.76.001,0,0.118
030-031,0,0.183
s.47.4.11.001,0,0.401
s.18.4.26.001,1,0.162
s.43.4.7.001,0,0.156
s.69.4.5.003,1,0.353
hen.242,0,0.235
s.56.7.114.002,1,0.086
s.73.4.26.001,0,0.125
s.69.7.365.001,0,0.025
s.18.4.9.001,0,0.095
s.49.4.43.001,0,0.498
s.69.4.5.005,0,0.416
hen.372,0,0.138
s.56.4.16.001,0,0.285
s.69.7.404.002,0,0.219
s.04.4.26.001,0,0.124
s.09.4.35.001,0,0.111
s.55.4.2.003,0,0.179
s.56.4.59.001,0,0.11
s.56.7.118.001,1,0.06
s.69.4.44.001,0,0.586
s.69.4.49.001,0,0.114
s.69.7.490.001,1,0.087
s.25.4.13.001,0,0.165
s.69.4.22.001,1,0.334
s.69.4.22.002,0,0.4
s.69.9.9132.001,0,0.043
s.56.4.32.001,0,0.11
s.69.4.138.001,1,0.203
s.69.4.120.001,0,0.194
s.04.4.12.005,1,0.256
s.09.7.144.001,0,0.071
s.04.4.39.003,0,0.357
004-020,0,0.186
s.49.4.16.001,0,0.086
s.56.7.122.002,0,0.269
017-010,1,0.103
s.09.4.22.001,0,0.095
s.55.4.20.002,0,0.275
046-070,0,0.264
004-040,0,0.184
s.69.4.116.004,0,0.491
s.55.4.26.001,0,0.13
s.69.4.110.002,0,0.42
s.13.4.9.007,0,0.098
s.73.4.72.001,1,0.35
019-030,1,0.151
s.49.7.264.002,0,0.035
s.69.7.254.001,0,0.046
s.56.4.35.005,1,0.399
s.49.4.11.001,0,0.309
s.56.4.10.004,0,0.225
s.69.4.3.002,1,0.31
s.56.7.141.001,0,0.041
032-020,0,0.125
s.73.4.15.001,0,0.095
s.49.4.45.001,2,0.418
s.09.4.21.003,0,0.079
s.18.4.36.001,2,0.161
s.55.4.25.001,0,0.195
s.56.4.24.002,0,0.149
s.09.7.137.001,0,0.063
s.56.4.26.001,0,0.089
s.49.4.48.001,0,0.32
s.56.4.15.001,1,0.114
026-070,0,0.12
s.43.4.13.001,1,0.263
s.49.4.19.001,1,0.273
s.56.4.21.001,0,0.128
s.69.7.781.001,0,0.114
s.55.4.24.001,0,0.299
s.43.7.57.001,0,0.073
s.18.4.2.002,0,0.221
s.56.4.28.001,0,0.079
s.69.4.75.001,0,0.042
s.73.4.27.001,0,0.141
s.73.4.18.001,0,0.291
s.56.7.129.001,0,0.059
s.56.4.42.002,1,0.167
s.49.4.47.002,2,0.344
s.56.4.38.002,0,0.198
s.56.4.11.001,0,0.07
s.25.4.19.001,0,0.167
s.69.7.536.001,0,0.066
s.69.4.8.002,0,0.156
s.56.7.144.001,0,0.056
s.69.4.92.001,0,0.105
s.18.4.22.001,1,0.19
s.69.4.16.003,0,0.177
s.73.7.180.001,0,0.097
s.69.4.111.001,0,0.055
s.09.4.12.001,0,0.069
s.04.7.403.001,0,0.049
s.69.4.21.001,1,0.528
s.55.4.30.001,0,0.072
s.18.7.108.001,1,0.058
s.43.7.61.001,0,0.156
s.49.4.34.003,0,0.337
s.49.7.210.001,0,0.048
s.56.4.88.002,1,0.288
s.69.7.859.002,0,0.062
s.56.4.23.002,0,0.153
s.56.4.19.003,0,0.132
s.56.7.140.001,0,0.065
s.56.4.8.004,1,0.406
s.09.4.23.001,0,0.112
s.56.4.5.004,0,0.187
s.56.7.137.001,0,0.142
s.69.7.881.001,0,0.071
s.49.7.220.001,0,0.135
s.04.4.5.001,0,0.135
s.04.4.5.005,0,0.122
s.49.4.47.001,0,0.503
s.69.4.80.001,0,0.123
s.69.4.3.001,1,0.306
s.69.4.4.003,1,0.384
s.18.4.30.003,0,0.308
s.49.7.270.001,0,0.055
s.69.4.25.007,1,0.257
s.18.4.2.001,0,0.169
s.69.4.31.003,0,0.099
s.56.4.15.002,0,0.211
s.69.4.128.001,0,0.188
s.09.4.61.004,0,0.721
s.69.4.44.002,1,0.392
s.09.4.6.003,0,0.433
s.47.4.12.001,1,0.184
s.04.4.9.002,0,0.207
s.09.4.1.003,0,0.253
s.69.4.29.001,0,0.235
s.69.7.615.002,0,0.148
s.04.4.24.002,0,0.228
001-032,0,0.173
s.47.4.14.003,0,0.282
s.69.7.558.002,0,0.054
s.18.4.23.001,0,0.254
s.04.4.12.004,0,0.328
s.43.4.23.001,0,0.107
026-040,0,0.209
s.04.4.39.002,1,0.33
s.09.4.6.004,1,0.178
s.13.7.81.004,0,0.032
s.56.7.127.001,1,0.111
s.04.4.13.001,0,0.094
001-030,1,0.172
s.49.4.2.001,0,0.144
hen.231,0,0.318
s.25.4.3.001,1,0.234
s.18.4.10.003,0,0.085
s.04.4.24.001,0,0.092
s.09.4.9.001,0,0.179
s.09.4.20.001,0,0.072
s.04.4.39.001,1,0.205
s.04.4.27.002,0,0.226
s.69.4.25.005,0,0.157
s.49.4.39.002,1,0.609
s.47.4.24.002,0,0.089
s.69.4.27.001,0,0.106
s.49.4.52.003,0,0.229
029-027,0,0.31
s.04.4.43.001,0,0.05
s.69.4.23.004,0,0.671
s.18.7.141.001,0,0.047
s.55.7.143.002,0,0.037
s.18.4.30.002,1,0.24
s.73.7.114.001,0,0.237
s.69.4.5.004,0,0.305
s.69.4.115.002,0,0.367
s.55.7.143.001,0,0.088
s.13.4.16.002,0,0.139
s.69.7.789.002,0,0.052
s.43.4.3.004,1,0.308
s.69.7.186.002,0,0.047
s.09.7.134.002,0,0.049
s.69.4.31.001,0,0.253
s.49.7.247.001,0,0.058
s.04.4.34.001,0,0.085
s.55.7.133.001,2,0.341
s.04.4.32.001,0,0.165
s.56.4.84.001,0,0.226
s.18.7.128.001,1,0.113
s.69.9.9212.002,0,0.041
s.04.4.23.003,0,0.117
s.04.4.23.005,0,0.046
s.73.4.65.001,0,0.187
s.18.4.32.001,0,0.127
s.18.4.1.002,1,0.329
s.56.4.82.001,0,0.286
s.69.7.565.001,0,0.097
s.49.4.23.002,1,0.199
s.25.4.17.001,0,0.109
s.69.4.21.004,1,0.667
s.69.4.5.009,0,0.194
s.55.7.155.001,0,0.101
s.69.7.837.002,0,0.045
s.04.4.22.001,0,0.224
s.49.7.272.001,0,0.047
s.04.4.20.003,0,0.312
s.73.7.157.004,0,0.32
s.86.4.75.003,0,0.376
s.18.4.1.006,0,0.095
s.69.4.97.002,0,0.181
s.56.7.114.001,0,0.042
s.69.4.133.002,0,0.18
s.56.4.88.003,1,0.215
s.43.7.62.003,0,0.045
s.69.7.383.001,0,0.014
s.69.7.690.001,0,0.02
s.13.4.16.001,0,0.08
s.69.7.633.001,0,0.087
s.69.4.7.004,0,0.123
s.73.4.20.001,1,0.183
s.69.7.761.002,0,0.087
s.69.4.44.004,1,0.193
s.56.4.7.001,0,0.038
s.69.4.134.001,0,0.161
s.56.4.80.001,0,0.25
s.69.4.78.002,1,0.205
s.73.4.17.001,0,0.233
s.18.4.11.005,0,0.415
hen.641,0,0.184
s.69.7.910.001,0,0.097
s.69.4.7.003,1,0.108
s.69.7.389.001,0,0.038
s.55.4.8.001,0,0.239
s.18.4.11.006,0,0.227
s.69.4.16.006,0,0.425
hen.651,0,0.198
s.04.4.15.004,1,0.336
s.18.7.134.001,0,0.126
s.55.7.140.001,0,0.12
s.69.7.668.004,0,0.141
s.69.7.411.001,0,0.043
s.69.4.39.001,0,0.14
s.49.4.1.007,0,0.587
038-010,0,0.078
s.69.7.404.001,0,0.08
s.69.4.23.001,1,0.309
s.25.4.28.001,0,0.018
s.04.4.1.001,0,0.168
s.09.4.4.001,0,0.176
s.69.4.5.006,1,0.366
s.69.4.133.004,1,0.332
s.18.4.10.002,1,0.314
s.09.4.8.001,0,0.125
s.25.4.18.001,3,0.346
s.69.4.18.001,0,0.054
s.55.7.104.001,2,0.28
s.18.4.34.001,0,0.054
s.69.4.25.004,0,0.171
s.69.4.55.001,0,0.088
s.55.4.11.002,1,0.259
s.55.4.3.002,3,0.397
s.09.4.6.005,0,0.424
002-030,0,0.035
017-050,1,0.224
s.69.7.453.001,0,0.059
s.49.4.76.001,0,0.248
s.69.4.7.005,1,0.191
s.69.4.16.007,0,0.342
s.69.4.4.005,0,0.286
s.69.4.70.001,1,0.259
s.69.7.666.001,0,0.086
s.56.4.2.001,0,0.058
s.55.7.112.002,1,0.237
s.69.7.832.002,0,0.158
s.04.4.50.002,0,0.237
s.69.7.461.001,0,0.062
s.55.7.151.001,0,0.097
s.55.7.156.001,1,0.083
s.69.4.5.008,0,0.153
046-072,0,0.262
s.55.7.142.001,0,0.197
s.69.7.715.001,0,0.051
s.69.9.9236.001,0,0.039
s.55.4.7.002,0,0.094
s.55.7.119.001,0,0.062
s.55.7.114.001,0,0.202
s.55.7.124.002,0,0.175
s.69.4.110.001,1,0.086
s.69.4.79.001,0,0.11
s.55.7.111.001,0,0.201
s.47.4.8.001,0,0.041
s.55.4.8.003,0,0.253
s.55.4.9.002,1,0.276
s.55.7.154.001,0,0.039
s.04.4.54.001,0,0.042
s.69.4.108.003,0,0.071
s.55.4.7.005,0,0.07
s.55.4.7.004,1,0.118
s.69.4.21.003,2,0.254
s.55.4.9.003,0,0.195
s.86.4.3.007,1,0.216
s.09.7.121.001,0,0.06
s.55.4.1.001,2,0.218
s.47.4.19.001,0,0.172
